,Action,Time
0,start,612259.7344078
1,Image_Change,612263.5347967
2,Image_Change,612265.7351208
3,Image_Change,612268.7527747
4,Image_Change,612271.7525285
5,Image_Change,612274.750076
6,Image_Change,612277.7518299
7,stop,612279.5536546
