,Action,Time
0,start,182605.1668195
1,Image_Change,182608.2456362
2,right,182610.6951305
3,Image_Change,182611.1937374
4,left,182612.3619315
5,Image_Change,182614.1418307
6,Image_Change,182617.2463287
7,stop,182619.6039622
